<?xml version="1.0" encoding="utf-8"?><feed xmlns="http://www.w3.org/2005/Atom" ><generator uri="https://jekyllrb.com/" version="3.8.5">Jekyll</generator><link href="http://gianlucavatinno.com/feed.xml" rel="self" type="application/atom+xml" /><link href="http://gianlucavatinno.com/" rel="alternate" type="text/html" /><updated>2020-06-10T20:44:36+01:00</updated><id>http://gianlucavatinno.com/feed.xml</id><title type="html">Gianluca Vatinno</title><subtitle>A window on my career and my intrests</subtitle></feed>